WKT;HRB_Number
"POINT (161.859989589446627 -90.0)";    141.00000000000
"POINT (161.859989589446627 -90.0)";    144.00000000000
"POINT (161.859989589446627 -90.0)";    234.00000000000
"POINT (161.859989589446627 -90.0)";    247.00000000000
"POINT (-117.14405915576279 32.762248045790962)";    339.00000000000
"POINT (161.859989589446627 -90.0)";    377.00000000000
"POINT (161.859989589446627 -90.0)";    383.00000000000
"POINT (161.859989589446627 -90.0)";    411.00000000000
"POINT (-117.130518422846279 32.755545893818713)";    517.00000000000
"POINT (-117.151359639024648 32.709169950856158)";    562.00000000000
"POINT (161.859989589446627 -90.0)";    734.00000000000
"POINT (-117.149124472496396 32.709217015282533)";    751.00000000000
"POINT (-117.105232638213508 32.76826293907795)";    752.00000000000
"POINT (-117.154094249668674 32.71764797594232)";    753.00000000000
"POINT (-117.102887960847923 32.771367684377957)";    754.00000000000
"POINT (-117.102897606352997 32.771530552910804)";    755.00000000000
"POINT (-117.180248207319437 32.756559055770701)";    756.00000000000
"POINT (-117.25979424570393 32.848554985634955)";    757.00000000000
"POINT (-117.254348755790929 32.856738330187596)";    759.00000000000
"POINT (-117.131770929831006 32.721901928316122)";    760.00000000000
"POINT (-117.133274397903961 32.721119408727589)";    761.00000000000
"POINT (-117.178263598390515 32.753426284748983)";    762.00000000000
"POINT (-117.259954732755702 32.848802523661327)";    763.00000000000
"POINT (-117.181008279745868 32.756537159587758)";    764.00000000000
"POINT (-117.169794350825185 32.744840875495335)";    765.00000000000
"POINT (-117.188343959321244 32.750246145927782)";    766.00000000000
"POINT (-117.279392608706374 32.834464838180779)";    767.00000000000
"POINT (-117.255500767370108 32.848887158207503)";    768.00000000000
"POINT (-117.1410645339962 32.765020539223926)";    769.00000000000
"POINT (-117.152935265365542 32.741437884455628)";    770.00000000000
"POINT (-117.16643273931497 32.734315419752456)";    771.00000000000
"POINT (-117.178260064240334 32.7528872643013)";    772.00000000000
"POINT (-117.181528387017238 32.751887984548297)";    775.00000000000
"POINT (-117.180421448016688 32.751479562195392)";    776.00000000000
"POINT (-117.175658689439317 32.752573212565622)";    777.00000000000
"POINT (-117.169829775391264 32.748390267778056)";    778.00000000000
"POINT (-117.181194168708629 32.754887447677845)";    779.00000000000
"POINT (-117.249961051463714 32.902694867606847)";     10.00000000000
"POINT (-117.193327852807982 32.758709903864826)";      3.00000000000
"POINT (-117.174325560613099 32.753592916989312)";    780.00000000000
"POINT (-117.217655430809288 32.744398747409122)";    781.00000000000
"POINT (-117.263416335507472 32.849950404233553)";    782.00000000000
"POINT (-117.162455572699841 32.738250423936215)";    784.00000000000
"POINT (-117.184625560115506 32.753730113814918)";    785.00000000000
"POINT (-117.185000799721578 32.754694804113605)";    786.00000000000
"POINT (-117.130664845573349 32.734501988472587)";    787.00000000000
"POINT (-117.149501430878388 32.743023199772708)";    788.00000000000
"POINT (-117.133268394833536 32.739473289451432)";    789.00000000000
"POINT (-117.184208537311875 32.750057316474546)";    790.00000000000
"POINT (-117.166463543203108 32.750943254949846)";    791.00000000000
"POINT (-117.12576525576732 32.743165798238657)";    792.00000000000
"POINT (-117.222525455163748 32.747050188485694)";    793.00000000000
"POINT (-117.184658964184138 32.749050256513776)";    794.00000000000
"POINT (-117.128347401278305 32.73107547428625)";    795.00000000000
"POINT (-117.126627747668493 32.733677215283471)";    796.00000000000
"POINT (-117.186695905755656 32.757037414090469)";    797.00000000000
"POINT (-117.162649016587991 32.720072384019574)";    110.00000000000
"POINT (-117.130855451566589 32.755546834691238)";    517.00000000000
"POINT (-117.151203493468643 32.709170765525741)";    562.00000000000
"POINT (-117.151027896474446 32.709183627346988)";    562.00000000000
"POINT (-117.156367353753993 32.752917757584576)";    840.00000000000
"POINT (-117.128702599384553 32.721468804383541)";    841.00000000000
"POINT (-117.274058784451597 32.819404452268834)";    842.00000000000
"POINT (-117.134945575734008 32.745615863639117)";    843.00000000000
"POINT (-117.240377829727066 32.716923124504639)";    844.00000000000
"POINT (-117.219171662664479 32.745937055300217)";    845.00000000000
"POINT (161.859989589446627 -90.0)";    141.00000000000
"POINT (161.859989589446627 -90.0)";    144.00000000000
"POINT (161.859989589446627 -90.0)";    234.00000000000
"POINT (161.859989589446627 -90.0)";    247.00000000000
"POINT (161.859989589446627 -90.0)";    377.00000000000
"POINT (161.859989589446627 -90.0)";    383.00000000000
"POINT (161.859989589446627 -90.0)";    411.00000000000
"POINT (161.859989589446627 -90.0)";    734.00000000000
"POINT (-117.180632567314916 32.754605775231823)";    758.00000000000
"POINT (-117.173567620182865 32.72022536618686)";    783.00000000000
"POINT (-117.24118685450982 32.709770226273264)";    798.00000000000
"POINT (-117.148420379141072 32.702605741349011)";    799.00000000000
"POINT (-117.18337955536802 32.756383384058537)";    800.00000000000
"POINT (-117.159726079240698 32.739112241114448)";    801.00000000000
"POINT (-117.165443147793113 32.729717176521753)";    802.00000000000
"POINT (-117.240615107976339 32.709409661657233)";    803.00000000000
"POINT (-117.156994646648627 32.748144831102898)";    804.00000000000
"POINT (-117.110860490458052 32.768917690916339)";    846.00000000000
"POINT (-117.164581603338789 32.735978502722141)";    847.00000000000
"POINT (-117.127782901375369 32.720045784579582)";    848.00000000000
"POINT (-117.273234969134137 32.823441679732284)";    849.00000000000
"POINT (-117.129951686774163 32.720708525479893)";    850.00000000000
"POINT (-117.163357840533891 32.738099800480612)";    851.00000000000
"POINT (-117.100744152144259 32.766163414314285)";    852.00000000000
"POINT (-117.177553393975543 32.744594800073649)";    853.00000000000
"POINT (-117.261968976928998 32.848820416909518)";    854.00000000000
"POINT (-117.228617334811688 32.722511906236917)";    855.00000000000
"POINT (-117.132640587078228 32.726972211687567)";    856.00000000000
"POINT (-117.099935335602268 32.761904340707552)";    857.00000000000
"POINT (-117.116606140159917 32.701017223830419)";    893.00000000000
"POINT (-117.193590042498116 32.758585043917861)";      4.00000000000
"POINT (-117.164220941253177 32.730574474593425)";     37.00000000000
"POINT (-117.164232146315825 32.731678970961028)";     38.00000000000
"POINT (-117.142224603916418 32.716098595813627)";     39.00000000000
"POINT (-117.157769956034713 32.741714462966364)";     40.00000000000
"POINT (-117.157479841808652 32.742724304800582)";     41.00000000000
"POINT (-117.159729179264843 32.737348105166568)";     49.00000000000
"POINT (-117.172002009941991 32.736955834735831)";    977.00000000000
"POINT (-117.18418963170646 32.750962795402202)";    978.00000000000
"POINT (-117.188382706436457 32.75430167380955)";    979.00000000000
"POINT (-117.167981745855897 32.739650001875589)";    980.00000000000
"POINT (-117.165309836629191 32.746488943455262)";     18.00000000000
"POINT (-117.160914950614909 32.732670645323481)";     52.00000000000
"POINT (-117.161611213939622 32.725633088274137)";     53.00000000000
"POINT (-117.161481611296907 32.71026864944195)";     54.00000000000
"POINT (-117.232861107486428 32.720723923274655)";     55.00000000000
"POINT (-117.162731438084663 32.723874951997153)";     57.00000000000
"POINT (-117.165498070706519 32.740321130690852)";     62.00000000000
"POINT (-117.165498668107929 32.740623196084591)";     63.00000000000
"POINT (-117.165457895234042 32.740975680314939)";     64.00000000000
"POINT (-117.165542810263219 32.741111693237606)";     65.00000000000
"POINT (-117.16044347289403 32.712030458141001)";     66.00000000000
"POINT (-117.159867065764374 32.714825067207713)";     67.00000000000
"POINT (-117.159834552334118 32.711770075716885)";     69.00000000000
"POINT (-117.159508777737173 32.71173737929503)";     70.00000000000
"POINT (-117.16045173378339 32.713779752965984)";     71.00000000000
"POINT (-117.159867935000861 32.714057189528141)";     72.00000000000
"POINT (-117.159867711638185 32.714193583601777)";     73.00000000000
"POINT (-117.163353153113619 32.715411164652195)";     76.00000000000
"POINT (-117.161364252176526 32.714328886759802)";     77.00000000000
"POINT (-117.126674429578941 32.70192776529732)";     78.00000000000
"POINT (-117.277171522974555 32.84405807979001)";     79.00000000000
"POINT (-117.167094330646293 32.717441355654927)";     83.00000000000
"POINT (-117.271089016896184 32.84950527853713)";     84.00000000000
"POINT (-117.144239135691606 32.71602777820619)";     85.00000000000
"POINT (-117.266518106959353 32.848437286553008)";     86.00000000000
"POINT (-117.160453501522454 32.71482176673495)";     88.00000000000
"POINT (-117.160450415631814 32.713248608733792)";     92.00000000000
"POINT (-117.160449507846621 32.71294284207908)";     93.00000000000
"POINT (-117.163224528024202 32.72952592434936)";     94.00000000000
"POINT (-117.161524734219014 32.712870315947285)";     96.00000000000
"POINT (-117.158711331830688 32.741709269132841)";     97.00000000000
"POINT (-117.15870386954515 32.742430120795966)";     98.00000000000
"POINT (-117.158696602429643 32.74296194212571)";     99.00000000000
"POINT (-117.164503930543944 32.725542211185441)";    100.00000000000
"POINT (-117.270728882741537 32.8492079639271)";    102.00000000000
"POINT (-117.160441023960672 32.711689578187489)";    103.00000000000
"POINT (-117.164583696360324 32.725335692704341)";    104.00000000000
"POINT (-117.255537872259964 32.732677255003097)";    107.00000000000
"POINT (-117.245258925891207 32.852365276943914)";    108.00000000000
"POINT (-117.155387825622313 32.713465087118387)";    109.00000000000
"POINT (-117.166045726934399 32.713056010120788)";    111.00000000000
"POINT (-117.105780448433876 32.784511101022247)";    113.00000000000
"POINT (-117.160820162887674 32.720038822467863)";    115.00000000000
"POINT (-117.164600649981395 32.738283674614124)";    118.00000000000
"POINT (-117.248260727524524 32.866929032991223)";    119.00000000000
"POINT (-117.168819043787181 32.730840494799104)";    120.00000000000
"POINT (-117.141567450387583 32.714451372858932)";    121.00000000000
"POINT (-117.129284633370474 32.715116168803405)";    122.00000000000
"POINT (-117.165885441688431 32.722402649928888)";    123.00000000000
"POINT (-117.129013491371637 32.732754389114653)";    124.00000000000
"POINT (-117.128953303780349 32.733077590109247)";    125.00000000000
"POINT (-117.128692317899706 32.733123569088846)";    126.00000000000
"POINT (-117.278064821483568 32.835401920441058)";    128.00000000000
"POINT (-117.16417784093035 32.725566086005983)";    129.00000000000
"POINT (-117.159707492396649 32.714399895930157)";    132.00000000000
"POINT (-117.156620991439425 32.750382215084116)";    134.00000000000
"POINT (-117.27792248981342 32.835227139152792)";    133.00000000000
"POINT (-117.162323444556947 32.71857857334161)";    135.00000000000
"POINT (-117.162700287162053 32.727653756552201)";    136.00000000000
"POINT (-117.161324976387675 32.711003493635218)";    137.00000000000
"POINT (-117.140852273906262 32.700838025536349)";    138.00000000000
"POINT (-117.161587202071431 32.722211362725076)";    139.00000000000
"POINT (-117.245478733268982 32.712199956065987)";    142.00000000000
"POINT (-117.16945247537339 32.718086245625805)";    145.00000000000
"POINT (-117.203977630171195 32.7846837260632)";    146.00000000000
"POINT (-117.160412137854181 32.711108486315524)";    147.00000000000
"POINT (-117.163617773313874 32.727441197765245)";    148.00000000000
"POINT (-117.165120204400154 32.730067949172216)";    149.00000000000
"POINT (-117.16221652530227 32.709777940429177)";    150.00000000000
"POINT (-117.162222885515988 32.710590357305698)";    151.00000000000
"POINT (-117.163300298791825 32.728551885386416)";    153.00000000000
"POINT (-117.145211804671391 32.716510637613681)";    154.00000000000
"POINT (-117.143461018846125 32.713946422860445)";    155.00000000000
"POINT (-117.162750544644851 32.732636835179896)";    156.00000000000
"POINT (-117.160024815598135 32.734792493609213)";    157.00000000000
"POINT (-117.142710546533195 32.716004495582204)";    158.00000000000
"POINT (-117.158744153323966 32.710105901735766)";    159.00000000000
"POINT (-117.145528938803707 32.711993228170904)";    160.00000000000
"POINT (-117.164090653312172 32.71341614267061)";    161.00000000000
"POINT (-117.129196843230957 32.731736855309173)";    163.00000000000
"POINT (-117.272831290122113 32.8467668352678)";    164.00000000000
"POINT (-117.144591628806424 32.707141035204053)";    165.00000000000
"POINT (-117.277256249357919 32.84517321313519)";    166.00000000000
"POINT (-117.163357890752934 32.738446811494455)";    167.00000000000
"POINT (-117.142702501814014 32.714433770411532)";    168.00000000000
"POINT (-117.163357591952447 32.73789332921087)";    169.00000000000
"POINT (-117.107619401423747 32.763843825158823)";    170.00000000000
"POINT (-117.145547517525259 32.714267492807259)";    171.00000000000
"POINT (-117.163311757313551 32.73015075169306)";    172.00000000000
"POINT (-117.162783789773101 32.739428141316552)";    173.00000000000
"POINT (-117.162786684797098 32.739920119240281)";    174.00000000000
"POINT (-117.166052225169068 32.715401813733287)";    175.00000000000
"POINT (-117.158799328930087 32.715457542717843)";    176.00000000000
"POINT (-117.134580176452474 32.709114161727932)";    177.00000000000
"POINT (-117.163037005181948 32.741926055469492)";    178.00000000000
"POINT (-117.27708297488104 32.843796962552283)";    179.00000000000
"POINT (-117.133611159694198 32.720034167726332)";    180.00000000000
"POINT (-117.276191947268501 32.847282878175669)";    181.00000000000
"POINT (-117.143416992096846 32.718061787719492)";    182.00000000000
"POINT (-117.127880508747481 32.738822069458259)";    183.00000000000
"POINT (-117.164599936138998 32.740304890958654)";    184.00000000000
"POINT (-117.164616346719356 32.742483982586691)";    186.00000000000
"POINT (-117.163621556884564 32.72803003776604)";    187.00000000000
"POINT (-117.165268408578427 32.742174059798707)";    188.00000000000
"POINT (-117.157123298632769 32.713111315515192)";    189.00000000000
"POINT (-117.143395245702891 32.715198349719415)";    190.00000000000
"POINT (-117.158957211785392 32.714373114791762)";    191.00000000000
"POINT (-117.163065383325815 32.745540139806614)";    192.00000000000
"POINT (-117.142821721818564 32.714570279082665)";    193.00000000000
"POINT (-117.168976253502734 32.723485469790091)";    259.00000000000
"POINT (-117.168992497121252 32.726857288529565)";    260.00000000000
"POINT (-117.168024136039179 32.723260019039394)";    261.00000000000
"POINT (-117.165303141274279 32.745666489059523)";    370.00000000000
"POINT (-117.240664961743136 32.71172230269034)";    371.00000000000
"POINT (-117.231441273248862 32.720536596321622)";    373.00000000000
"POINT (-117.16077499435238 32.715927802176786)";    374.00000000000
"POINT (-117.276583153642321 32.840001433242179)";    375.00000000000
"POINT (-117.25246484312828 32.719283773946628)";    379.00000000000
"POINT (-117.270155965063552 32.849182854797192)";    380.00000000000
"POINT (-117.113288493047634 32.754859659028263)";    381.00000000000
"POINT (-117.156921127922928 32.709641032112202)";    382.00000000000
"POINT (-117.148250855052936 32.709698715385585)";    384.00000000000
"POINT (-117.15896190507182 32.714907321597664)";    385.00000000000
"POINT (-117.269745933520753 32.8489988928579)";    386.00000000000
"POINT (-117.099333708026506 32.762278762837298)";    387.00000000000
"POINT (-117.13328165749995 32.734540987239384)";    388.00000000000
"POINT (-117.162460603665636 32.738893540529332)";    389.00000000000
"POINT (-117.26146935540244 32.851591672466519)";    390.00000000000
"POINT (-117.218686239816748 32.940205098853305)";    391.00000000000
"POINT (-117.132668309538857 32.722580465033971)";    392.00000000000
"POINT (-117.095669473672032 32.778423389195154)";    393.00000000000
"POINT (-117.106113802278543 32.771356747222512)";    394.00000000000
"POINT (-117.132678127819233 32.721914524364749)";    395.00000000000
"POINT (-117.248498182408568 32.872501361478037)";    396.00000000000
"POINT (-117.24219934821069 32.751308268483385)";    398.00000000000
"POINT (-117.162394999620943 32.729730827068146)";    194.00000000000
"POINT (-117.134581435862358 32.7092522672733)";    195.00000000000
"POINT (-117.143744363629978 32.718203345314166)";    196.00000000000
"POINT (-117.14456422928923 32.716024559435645)";    197.00000000000
"POINT (-117.162723230871521 32.72971190878647)";    198.00000000000
"POINT (-117.167288369163998 32.738429295070105)";    200.00000000000
"POINT (-117.144325647119416 32.717020052564123)";    201.00000000000
"POINT (-117.127784977035134 32.72145401018588)";    202.00000000000
"POINT (-117.172030346365474 32.722155843193356)";    203.00000000000
"POINT (-117.164530726859937 32.728958144142993)";    199.00000000000
"POINT (-117.274088619677585 32.848946600680058)";    204.00000000000
"POINT (-117.182605592693974 32.748719348384512)";    859.00000000000
"POINT (-117.173898715711218 32.753197515425171)";    860.00000000000
"POINT (-117.215141783212744 32.741612916355287)";    861.00000000000
"POINT (-117.143722268607789 32.715343022618733)";    862.00000000000
"POINT (-117.222207059349586 32.744106357464233)";    863.00000000000
"POINT (-117.179314389575808 32.755375674859074)";    864.00000000000
"POINT (-117.143486164807541 32.71658671304067)";    205.00000000000
"POINT (-117.166945341122656 32.73368244737641)";    206.00000000000
"POINT (-117.160455860934604 32.716507976509618)";    209.00000000000
"POINT (-117.162352852653044 32.725309115549152)";    210.00000000000
"POINT (-117.277857467161454 32.846857885889108)";    212.00000000000
"POINT (-117.277952077578533 32.846730645393301)";    213.00000000000
"POINT (-117.143386965460522 32.714149849136014)";    214.00000000000
"POINT (-117.159896750560051 32.71917127531357)";    215.00000000000
"POINT (-117.143708763508911 32.713876790567632)";    216.00000000000
"POINT (-117.137825414258458 32.712521658521673)";    218.00000000000
"POINT (-117.137826623207729 32.712261254786945)";    220.00000000000
"POINT (-117.135169470664607 32.70958199074736)";    221.00000000000
"POINT (-117.134931814360414 32.70766790215842)";    222.00000000000
"POINT (-117.139086863989519 32.693420302156206)";    223.00000000000
"POINT (-117.160450980536467 32.715933656290112)";    224.00000000000
"POINT (-117.279527298695172 32.834573292800627)";    226.00000000000
"POINT (-117.162466640395309 32.73992385747195)";    227.00000000000
"POINT (-117.274302432778697 32.846888690661245)";    228.00000000000
"POINT (-117.274021953285285 32.846904860895428)";    229.00000000000
"POINT (-117.274222522742775 32.847081401377579)";    230.00000000000
"POINT (-117.06551392741568 33.066564328138689)";    231.00000000000
"POINT (-117.235774085071156 32.735822953001325)";    233.00000000000
"POINT (-117.034339519956063 32.548632776253712)";    236.00000000000
"POINT (-117.161267214755284 32.748497327691382)";    238.00000000000
"POINT (-117.130686864585599 32.748077394787344)";    239.00000000000
"POINT (-117.192406920560131 32.753797887697601)";      8.00000000000
"POINT (-117.19873021171513 32.755473388710826)";     14.00000000000
"POINT (-117.196057000856698 32.753900865209218)";     14.00000000000
"POINT (-117.196853809737775 32.75434116776627)";     14.00000000000
"POINT (-117.166440250204218 32.746346545977183)";    241.00000000000
"POINT (-117.257103177543144 32.796208757270726)";    242.00000000000
"POINT (-117.256714397840327 32.796164748886497)";    243.00000000000
"POINT (-117.13127975027767 32.748009258668439)";    245.00000000000
"POINT (-117.102978264945278 32.762872809844836)";    246.00000000000
"POINT (-117.068492822036404 32.714656678937757)";    248.00000000000
"POINT (-117.166937157434944 32.722747521236464)";    250.00000000000
"POINT (-117.252204701978684 32.797581761266201)";    252.00000000000
"POINT (-117.164989171674932 32.722808527512889)";    255.00000000000
"POINT (-117.165120075351865 32.722807556367357)";    256.00000000000
"POINT (-117.170363360733134 32.720385496789284)";    257.00000000000
"POINT (-117.16974062240422 32.728165599644761)";    258.00000000000
"POINT (-117.167342812299381 32.738910949015988)";    399.00000000000
"POINT (-117.237817303321592 32.733634868352325)";    401.00000000000
"POINT (-117.166050378827634 32.731594723108827)";    402.00000000000
"POINT (-117.151324390439484 32.712930854896861)";    403.00000000000
"POINT (-117.151652154274288 32.712928459073545)";    404.00000000000
"POINT (-117.146652841758836 32.734636922330345)";    412.00000000000
"POINT (-117.184746188281153 32.754540064843262)";    414.00000000000
"POINT (-117.120373743291466 32.763581085909443)";    415.00000000000
"POINT (-117.14038915468322 32.745160777403953)";    981.00000000000
"POINT (-117.104520862359308 32.761987057150449)";    982.00000000000
"POINT (-117.235295664818651 32.73347937396975)";    983.00000000000
"POINT (-117.170928748106903 32.78383166995954)";    984.00000000000
"POINT (-117.153916800319465 32.76114047088079)";    985.00000000000
"POINT (-117.131753615710124 32.722181731826936)";    986.00000000000
"POINT (-117.154866774452543 32.743948494692319)";    987.00000000000
"POINT (-117.179623016950643 32.747741285272937)";    988.00000000000
"POINT (-117.256018990707318 32.844661932873578)";    416.00000000000
"POINT (-117.130577252427472 32.735482537206657)";    423.00000000000
"POINT (-117.154136083076395 32.712349256141167)";    426.00000000000
"POINT (-117.136703446863891 32.751316812096121)";    989.00000000000
"POINT (-117.186163885824044 32.756701706500913)";    990.00000000000
"POINT (-117.276916827358775 32.845574302906392)";    992.00000000000
"POINT (-117.278092275986012 32.834448343862078)";   1000.00000000000
"POINT (-117.263306013835589 32.832633795069285)";   1007.00000000000
"POINT (-117.276733038727613 32.823185309972992)";    993.00000000000
"POINT (-117.108389679278375 32.767851314330265)";   1006.00000000000
"POINT (-117.106976050381661 32.767084565240268)";   1002.00000000000
"POINT (-117.178989759888054 32.753386904959889)";    994.00000000000
"POINT (-117.177410874481808 32.752476976875435)";    997.00000000000
"POINT (-117.175770365056408 32.750640490202365)";   1005.00000000000
"POINT (-117.175540174439902 32.743094863225799)";    998.00000000000
"POINT (-117.16612428683851 32.740188552576114)";    995.00000000000
"POINT (-117.162781779878415 32.73902643131094)";    999.00000000000
"POINT (-117.13596776123471 32.74409536179769)";    996.00000000000
"POINT (-117.099955311659258 32.763794241723225)";   1003.00000000000
"POINT (-117.162369418688769 32.726754957242719)";    991.00000000000
"POINT (-117.131423791676468 32.724010394636025)";   1004.00000000000
"POINT (-117.12778830424692 32.720953669209429)";   1001.00000000000
"POINT (-117.241078176736295 32.710182027632897)";   1009.00000000000
"POINT (-117.13281116352907 32.735340732918175)";   1010.00000000000
"POINT (-117.186263793580693 32.750148032206944)";   1011.00000000000
"POINT (-117.133279801205845 32.735240498493738)";   1012.00000000000
"POINT (-117.274638210005463 32.83792588554136)";   1013.00000000000
"POINT (-117.187920556086993 32.750734140990453)";   1014.00000000000
"POINT (-117.150409046905395 32.744151711391368)";   1015.00000000000
"POINT (-117.140793733077999 32.764482165495835)";   1016.00000000000
"POINT (-117.222099876391525 32.742478172218895)";   1017.00000000000
"POINT (-117.185431292136471 32.752067327917466)";   1018.00000000000
"POINT (-117.220291036160802 32.742311479183421)";   1019.00000000000
"POINT (-117.220862100121863 32.741740566603724)";   1020.00000000000
"POINT (-117.158709349789788 32.742683161262988)";   1021.00000000000
"POINT (-117.130631532897453 32.738095812815871)";   1022.00000000000
"POINT (-117.141475758111866 32.763513695768893)";    581.00000000000
"POINT (-117.164600854797641 32.738475381462223)";    582.00000000000
"POINT (-117.177418262868443 32.753540531994595)";    583.00000000000
"POINT (-117.130843852209011 32.722663925836841)";    584.00000000000
"POINT (-117.224544891429105 32.745523299855307)";    585.00000000000
"POINT (-117.171667790275691 32.748116126947025)";    586.00000000000
"POINT (-117.270405700708253 32.84558410619487)";    587.00000000000
"POINT (-117.108415352714687 32.773720098119838)";    588.00000000000
"POINT (-117.156229878139683 32.710101802727451)";    590.00000000000
"POINT (-117.103395230673115 32.770344588642132)";    591.00000000000
"POINT (-117.103503214372921 32.764027637675845)";    592.00000000000
"POINT (-117.186851122714558 32.751420360266287)";    593.00000000000
"POINT (-117.179732824873497 32.751567169697054)";    594.00000000000
"POINT (-117.182306451072876 32.7488809822582)";    595.00000000000
"POINT (-117.261356371791294 32.830232447753879)";    596.00000000000
"POINT (-117.106467692675665 32.774218123742941)";    597.00000000000
"POINT (-117.174512437793595 32.738530257880655)";    598.00000000000
"POINT (-117.163379927059793 32.740050381639762)";    599.00000000000
"POINT (-117.180690001339514 32.754888172498319)";    600.00000000000
"POINT (-117.191103081539268 32.755153009858631)";    601.00000000000
"POINT (-117.176565909079059 32.751927320891532)";    602.00000000000
"POINT (-117.12048140379801 32.734026279095694)";    603.00000000000
"POINT (-117.216731813887435 32.74013350215818)";    604.00000000000
"POINT (-117.180572830251819 32.755342061762875)";    427.00000000000
"POINT (-117.133398058681067 32.743641908291053)";    428.00000000000
"POINT (-117.187397515526001 32.751434617017885)";    429.00000000000
"POINT (-117.126413823211877 32.730321613813068)";    430.00000000000
"POINT (-117.26613308735979 32.847207632771081)";    431.00000000000
"POINT (-117.263688668327006 32.848956455652385)";    432.00000000000
"POINT (-117.110221127688305 32.953594365961841)";    433.00000000000
"POINT (-117.160100090870841 32.74366594269059)";    434.00000000000
"POINT (-117.126215445744805 32.730320827813998)";    435.00000000000
"POINT (-117.178323841016436 32.754417309829151)";    436.00000000000
"POINT (-117.167954020038039 32.739295273888395)";    437.00000000000
"POINT (-117.127956677721471 32.732435036774561)";    438.00000000000
"POINT (-117.1664648041058 32.740311096169187)";    439.00000000000
"POINT (-117.161644576766847 32.729539167613581)";    440.00000000000
"POINT (-117.132354724047275 32.721769115120622)";    443.00000000000
"POINT (-117.133314123912029 32.733464221521949)";    444.00000000000
"POINT (-117.164186487428125 32.745539400217304)";    445.00000000000
"POINT (-117.184301208719774 32.756489863554386)";    446.00000000000
"POINT (-117.147574262867892 32.746244135521096)";    448.00000000000
"POINT (-117.277300582835537 32.845670418889334)";    449.00000000000
"POINT (-117.104183372154935 32.910516233418633)";    450.00000000000
"POINT (-117.133392484661613 32.742325235996688)";    452.00000000000
"POINT (-117.237327178544206 32.710981761503334)";    453.00000000000
"POINT (-117.128316256873276 32.732606940545523)";    454.00000000000
"POINT (-117.133902598855244 32.741989122540538)";    456.00000000000
"POINT (-117.127948333527655 32.732718521940768)";    457.00000000000
"POINT (-117.151525646435132 32.706803539283754)";    458.00000000000
"POINT (-117.158971321540562 32.715948271336075)";    459.00000000000
"POINT (-117.235737833607928 32.716445510952695)";    460.00000000000
"POINT (-117.099805467488565 32.766196239496963)";    462.00000000000
"POINT (-117.27070989641642 32.847812709998138)";    463.00000000000
"POINT (-117.099021385205532 32.763515976250588)";    464.00000000000
"POINT (-117.178274385145201 32.753557662558691)";    942.00000000000
"POINT (-117.251686181544514 32.750659036852362)";    943.00000000000
"POINT (-117.238864084460744 32.72037825155958)";    944.00000000000
"POINT (-117.150587695811438 32.709166463128398)";    945.00000000000
"POINT (-117.146454182706648 32.757529526752741)";    946.00000000000
"POINT (-117.184282006653149 32.751876550686823)";    947.00000000000
"POINT (-117.171994043791685 32.748362371422651)";    948.00000000000
"POINT (-117.166368022294265 32.746586929787718)";    949.00000000000
"POINT (-117.173719519966653 32.742261247672779)";    950.00000000000
"POINT (-117.241250892171166 32.743817390554469)";    773.00000000000
"POINT (-117.241073693208051 32.74425548947643)";    774.00000000000
"POINT (-117.159873961204866 32.715942955243676)";    465.00000000000
"POINT (-117.237210741879025 32.711427817566239)";    466.00000000000
"POINT (-117.191294740601734 32.754183524401668)";    467.00000000000
"POINT (-117.154087077260186 32.719140604838785)";    468.00000000000
"POINT (-117.123054160981866 32.763084138314305)";    469.00000000000
"POINT (-117.125620726896756 32.716117790291548)";    470.00000000000
"POINT (-117.133220606244151 32.724313184609464)";    472.00000000000
"POINT (-117.248746607798566 32.87262990421619)";    473.00000000000
"POINT (-117.257969731348595 32.828097706735321)";    480.00000000000
"POINT (-117.098859570859034 32.771289395376058)";    474.00000000000
"POINT (-117.132189540037132 32.741969096465887)";    475.00000000000
"POINT (-117.187099952486648 32.751600987305679)";    476.00000000000
"POINT (-117.223994171990228 32.745189746071979)";    477.00000000000
"POINT (-117.12723331091064 32.730325290384911)";    478.00000000000
"POINT (-117.105606749157516 32.768262634017084)";    743.00000000000
"POINT (-117.18527217348408 32.750976656937148)";    744.00000000000
"POINT (-117.186103182184155 32.750975164815422)";    745.00000000000
"POINT (-117.168011518645628 32.73901143897907)";    746.00000000000
"POINT (-117.2607431927524 32.837352202335367)";    702.00000000000
"POINT (-117.186553240467376 32.755678593173023)";    703.00000000000
"POINT (-117.152596940510733 32.752536900546687)";    704.00000000000
"POINT (-117.177087388135988 32.754552754315078)";    705.00000000000
"POINT (-117.179401071591769 32.753109209382963)";    706.00000000000
"POINT (-117.12843626733833 32.729979392678651)";    747.00000000000
"POINT (-117.18428120446373 32.752149539416941)";    748.00000000000
"POINT (-117.100117630811312 32.763097998016761)";    749.00000000000
"POINT (-117.239463139661837 32.709442087005684)";    750.00000000000
"POINT (-117.160738834511974 32.710595223878997)";      9.00000000000
"POINT (-117.146079036447603 32.708112091075925)";     11.00000000000
"POINT (-117.194246949397055 32.751593790384021)";     15.00000000000
"POINT (-117.196925319162872 32.751857242982503)";     21.00000000000
"POINT (-117.194408694141316 32.752810840505575)";     24.00000000000
"POINT (-117.193767654641476 32.758380369719838)";     25.00000000000
"POINT (-117.193196681871441 32.751594272309212)";     26.00000000000
"POINT (-117.194468092948696 32.752826028771103)";     32.00000000000
"POINT (-117.195487722427089 32.7526743373326)";     34.00000000000
"POINT (-117.196599693234234 32.757117675050132)";     35.00000000000
"POINT (-117.193795674728833 32.75855859400086)";     35.00000000000
"POINT (-117.197027521625984 32.751859588283402)";     36.00000000000
"POINT (-117.195776085114801 32.75373517391786)";     42.00000000000
"POINT (-117.193628530077703 32.758439738686533)";     44.00000000000
"POINT (-117.192568581471619 32.750704394220449)";     46.00000000000
"POINT (-117.059823708256474 33.063755962477572)";     29.00000000000
"POINT (-117.040942251485063 32.78194625649828)";    321.00000000000
"POINT (-117.192775988375274 32.750755533381863)";     46.00000000000
"POINT (-117.192847448440091 32.75094496810312)";     46.00000000000
"POINT (-117.192310817326586 32.753718884414944)";     82.00000000000
"POINT (-117.192176583262977 32.753629809286409)";    114.00000000000
"POINT (-117.19344218715878 32.758464315563323)";    237.00000000000
"POINT (-117.193322640417861 32.758502769193669)";    240.00000000000
"POINT (-117.19577837087887 32.753671962671511)";    323.00000000000
"POINT (-117.195781449272303 32.753007443812308)";    352.00000000000
"POINT (-117.194360749125352 32.754709433841512)";    907.00000000000
"POINT (-117.242937690312573 32.719847065335074)";    951.00000000000
"POINT (-117.217271040737316 32.743220445393895)";    952.00000000000
"POINT (-117.21664151410566 32.740684356002184)";    953.00000000000
"POINT (-117.093893050969882 32.711114648989067)";    954.00000000000
"POINT (-117.240644417646706 32.713695703761019)";    955.00000000000
"POINT (-117.260942115710762 32.850491576548215)";    956.00000000000
"POINT (-117.17786769118338 32.744946307458136)";    957.00000000000
"POINT (-117.152860218732513 32.756804102626653)";    958.00000000000
"POINT (-117.24193133954364 32.713980015323656)";    959.00000000000
"POINT (-117.27038714820452 32.847561448898659)";    960.00000000000
"POINT (-117.106108293898458 32.770998041971019)";    961.00000000000
"POINT (-117.133901833115814 32.742561161417463)";    962.00000000000
"POINT (-117.133078175808365 32.717651484084818)";    963.00000000000
"POINT (-117.168139539986186 32.723468900792348)";    262.00000000000
"POINT (-117.168164796206341 32.723569403654494)";    263.00000000000
"POINT (-117.168195756564998 32.723636081836361)";    264.00000000000
"POINT (-117.171059970550388 32.729411118146466)";    265.00000000000
"POINT (-117.170511515262419 32.727354262942029)";    266.00000000000
"POINT (-117.171527629057067 32.728142237019313)";    267.00000000000
"POINT (-117.171339326184651 32.728226017906302)";    268.00000000000
"POINT (-117.157973918433441 32.720295698081252)";    269.00000000000
"POINT (-117.159695260729507 32.7310718999586)";    270.00000000000
"POINT (-117.167105211939784 32.721764887788026)";    271.00000000000
"POINT (-117.167802053139027 32.723727257235097)";    272.00000000000
"POINT (-117.168011103728475 32.725986303804362)";    275.00000000000
"POINT (-117.214522190134218 32.743391264283602)";    964.00000000000
"POINT (-117.270298338272795 32.821159964435687)";    965.00000000000
"POINT (-117.105605157156361 32.761735290099004)";    966.00000000000
"POINT (-117.105656958424674 32.769077918930911)";    967.00000000000
"POINT (-117.106042282261242 32.761862126447838)";    968.00000000000
"POINT (-117.150063465895954 32.743013955825958)";    969.00000000000
"POINT (-117.151042453935133 32.713442430893956)";    970.00000000000
"POINT (-117.151127514483079 32.713344107695413)";    971.00000000000
"POINT (-117.169221822190977 32.724405877836752)";    277.00000000000
"POINT (-117.166776282376546 32.722250210685864)";    278.00000000000
"POINT (-117.166776070411103 32.722373551235641)";    279.00000000000
"POINT (-117.166774973195771 32.722473884359367)";    280.00000000000
"POINT (-117.16677451541031 32.722560469622749)";    281.00000000000
"POINT (-117.165885186749932 32.7221278881945)";    282.00000000000
"POINT (-117.1658853121303 32.722265228267005)";    283.00000000000
"POINT (-117.165885567888466 32.722540068801699)";    284.00000000000
"POINT (-117.165885694118145 32.722677490489261)";    285.00000000000
"POINT (-117.271566315307965 32.849771761233562)";    286.00000000000
"POINT (-117.157714988351344 32.742015884436753)";    287.00000000000
"POINT (-117.138433843826547 32.716116974152527)";    290.00000000000
"POINT (-117.161391899125221 32.717002687645966)";    291.00000000000
"POINT (-117.16521658955601 32.72212664798397)";    292.00000000000
"POINT (-117.16173754628808 32.719717357574346)";    296.00000000000
"POINT (-117.164148694993258 32.720736733435217)";    297.00000000000
"POINT (-117.162651996141548 32.721506063360884)";    298.00000000000
"POINT (-117.163242519747399 32.721783410562729)";    299.00000000000
"POINT (-117.161584107398511 32.721371032789989)";    300.00000000000
"POINT (-117.159593301780291 32.721112934135668)";    301.00000000000
"POINT (-117.157181682398829 32.722233188367639)";    302.00000000000
"POINT (-117.246696045876291 32.887156838069252)";    304.00000000000
"POINT (-117.156854671052116 32.721814727313884)";    305.00000000000
"POINT (-117.157165207062732 32.720763546879077)";    306.00000000000
"POINT (-117.161518828878897 32.734778077409871)";    307.00000000000
"POINT (-117.158587288623039 32.709139257217196)";    309.00000000000
"POINT (-117.146755980881053 32.746932272951447)";    310.00000000000
"POINT (-117.162759785424299 32.73434013523935)";    311.00000000000
"POINT (-117.169749463349802 32.721067426061389)";    312.00000000000
"POINT (-117.238293060813248 32.798660030184998)";    313.00000000000
"POINT (-117.264682557946102 32.847899623831992)";    314.00000000000
"POINT (-117.175238343377629 32.750070793428634)";    318.00000000000
"POINT (-117.140679202179186 32.754602117316402)";    319.00000000000
"POINT (-117.157670686532001 32.7095709675962)";    326.00000000000
"POINT (-117.279171423844929 32.838382964169504)";    327.00000000000
"POINT (-117.185771504568976 32.750676015695042)";    330.00000000000
"POINT (-117.162413202633587 32.746786634829192)";    331.00000000000
"POINT (-117.162486463290065 32.744977155845014)";    332.00000000000
"POINT (-117.167254145170332 32.74092270177848)";    333.00000000000
"POINT (-117.159706605099913 32.732643432827892)";    334.00000000000
"POINT (-117.159551939074262 32.71601374201488)";    335.00000000000
"POINT (-117.16453203710951 32.728815195417425)";    336.00000000000
"POINT (-117.072029918474726 32.748841661780133)";    337.00000000000
"POINT (-117.144509026338739 32.708611527241601)";    338.00000000000
"POINT (-117.142689331432791 32.704039940997717)";    340.00000000000
"POINT (-117.149152520186661 32.705601369845986)";    341.00000000000
"POINT (-117.149152150299955 32.70570576704803)";    342.00000000000
"POINT (-117.149151335416477 32.705896101859338)";    343.00000000000
"POINT (-117.159554691305544 32.716584362811311)";    344.00000000000
"POINT (-117.1627885683301 32.740053404732478)";    345.00000000000
"POINT (-117.280676540162077 32.840390581820891)";    347.00000000000
"POINT (-117.133281544300829 32.737620689065672)";    348.00000000000
"POINT (-117.127492044292708 32.731344019830772)";    349.00000000000
"POINT (-117.238057630570651 32.799123796853465)";    350.00000000000
"POINT (-117.146710403184244 32.747887767415662)";    351.00000000000
"POINT (-117.13326594298772 32.721788705809736)";    972.00000000000
"POINT (-117.105021338231253 32.761743459947134)";    973.00000000000
"POINT (-117.127997603655345 32.735397075927708)";    974.00000000000
"POINT (-117.220848088861217 32.74267476830012)";    975.00000000000
"POINT (-117.190468676188701 32.755283525097887)";    355.00000000000
"POINT (-117.133280761798417 32.737218042008969)";    356.00000000000
"POINT (-117.151935525937489 32.762401788222952)";    359.00000000000
"POINT (-117.220078715091987 32.73765281034192)";    360.00000000000
"POINT (-117.186967594122763 32.757634910270305)";    361.00000000000
"POINT (-117.140430108132151 32.763104722592104)";    362.00000000000
"POINT (-117.112010474363117 32.763849229517739)";    363.00000000000
"POINT (-117.275273093478802 32.843346980718543)";    364.00000000000
"POINT (-117.162782023239828 32.739155372120422)";    365.00000000000
"POINT (-117.165958926820409 32.743497693908012)";    366.00000000000
"POINT (-117.159876033714298 32.716298205921987)";    367.00000000000
"POINT (-117.245019840600307 32.874891664380193)";    368.00000000000
"POINT (-117.143932120508765 32.76301516251857)";    369.00000000000
"POINT (-117.095006854308863 32.764094514213227)";    479.00000000000
"POINT (-117.175759852151472 32.755373783019579)";    482.00000000000
"POINT (-117.159994566275969 32.729510456707338)";    483.00000000000
"POINT (-117.185483643685529 32.750675249016552)";    484.00000000000
"POINT (-117.132697147742078 32.720023783329502)";    485.00000000000
"POINT (-117.24563720053672 32.713571018217337)";    486.00000000000
"POINT (-117.180922610222083 32.75145726826657)";    487.00000000000
"POINT (-117.172194658660828 32.736365351681165)";    488.00000000000
"POINT (-117.185233279324137 32.748691225705102)";    489.00000000000
"POINT (-117.216886921314924 32.742953293151395)";    490.00000000000
"POINT (-117.131757275834616 32.722814145721351)";    491.00000000000
"POINT (-117.180410540476799 32.751038031996991)";    492.00000000000
"POINT (-117.128993880926146 32.742135968076333)";    493.00000000000
"POINT (-117.15506378082641 32.751879827973717)";    494.00000000000
"POINT (-117.183564016028328 32.752582904980308)";    495.00000000000
"POINT (-117.120229990891076 32.771256145879292)";    496.00000000000
"POINT (-117.13355750562836 32.71767939596031)";    497.00000000000
"POINT (-117.273522380693038 32.836826012826172)";    498.00000000000
"POINT (-117.133292606224686 32.719681854073045)";    499.00000000000
"POINT (-117.10211694862484 32.762204093227574)";    500.00000000000
"POINT (-117.133297027845657 32.719212782140836)";    501.00000000000
"POINT (-117.268724630804826 32.821485227487969)";    502.00000000000
"POINT (-117.27427907300671 32.836976378149402)";    503.00000000000
"POINT (-117.104795367993475 32.769439112327511)";    504.00000000000
"POINT (-117.133265193860197 32.72191827541829)";    505.00000000000
"POINT (-117.12898174178828 32.739942552988012)";    506.00000000000
"POINT (-117.173852536167445 32.756880503661968)";    507.00000000000
"POINT (-117.266814045434614 32.843765368679811)";    508.00000000000
"POINT (-117.158001940948324 32.710599598835131)";    509.00000000000
"POINT (-117.10533483048907 32.767396337036601)";    707.00000000000
"POINT (-117.274713058466503 32.848768602579668)";    708.00000000000
"POINT (-117.149009202854486 32.712997566589557)";    709.00000000000
"POINT (-117.259096629776693 32.847791569741268)";    710.00000000000
"POINT (-117.179637159472449 32.752056122088689)";    711.00000000000
"POINT (-117.162373599413954 32.74254456804524)";    613.00000000000
"POINT (-117.17478025957719 32.753321210710659)";    614.00000000000
"POINT (-117.263399543469049 32.845368573005508)";    615.00000000000
"POINT (-117.183104875343858 32.752407492203389)";    616.00000000000
"POINT (-117.180848808009927 32.750590113593482)";    617.00000000000
"POINT (-117.183962696232527 32.751419463872431)";    618.00000000000
"POINT (-117.11070368084296 32.768704195425627)";    619.00000000000
"POINT (-117.132353081484766 32.721910677943086)";    620.00000000000
"POINT (-117.180779921092977 32.753662053132608)";    621.00000000000
"POINT (-117.259187184796005 32.848047670421572)";    622.00000000000
"POINT (-117.105103381768231 32.769045570321026)";    623.00000000000
"POINT (-117.270145888011669 32.820785208415437)";    624.00000000000
"POINT (-117.184784854557222 32.75330885623633)";    625.00000000000
"POINT (-117.136242481530061 32.714995073949119)";    626.00000000000
"POINT (-117.133282195892647 32.737788351034453)";    627.00000000000
"POINT (-117.215931893267836 32.741148766674073)";    628.00000000000
"POINT (-117.220950319368555 32.746245304597181)";    629.00000000000
"POINT (-117.275753705598888 32.820577490921465)";    630.00000000000
"POINT (-117.253644923863718 32.733788539697208)";    631.00000000000
"POINT (-117.151604196501253 32.70924269893802)";    632.00000000000
"POINT (-117.156829300748001 32.716583846560553)";    634.00000000000
"POINT (-117.160774551532882 32.716145924717225)";    635.00000000000
"POINT (-117.155005037303994 32.717187456106501)";    636.00000000000
"POINT (-117.157150441911696 32.716512777887843)";    637.00000000000
"POINT (-117.261280481689695 32.850092786078122)";    638.00000000000
"POINT (-117.27996748436064 32.831737185368766)";    639.00000000000
"POINT (-117.155896206192352 32.715461372149583)";    641.00000000000
"POINT (-117.158976686179486 32.716576938361527)";    643.00000000000
"POINT (-117.158567153476611 32.717006515424771)";    644.00000000000
"POINT (-117.155326647828815 32.717081345707221)";    645.00000000000
"POINT (-117.155894767100264 32.71525559376758)";    646.00000000000
"POINT (-117.155337506155831 32.718276872871584)";    647.00000000000
"POINT (-117.163079491731239 32.747205940750149)";    648.00000000000
"POINT (-117.219556852538048 32.743254601797318)";    649.00000000000
"POINT (-117.144305388990148 32.714915186312027)";    510.00000000000
"POINT (-117.126228165383154 32.726351950032836)";    511.00000000000
"POINT (-117.237079072777235 32.711908318222996)";    512.00000000000
"POINT (-117.131774174896947 32.72149514070783)";    513.00000000000
"POINT (-117.280200907470501 32.833019719517566)";    514.00000000000
"POINT (-117.104546496652802 32.774478230849688)";    515.00000000000
"POINT (-117.247251041372863 32.717496604287625)";    516.00000000000
"POINT (-117.10396239965462 32.768611008424301)";    518.00000000000
"POINT (-117.102048204217411 32.775502503870591)";    519.00000000000
"POINT (-117.280727416142 32.835023061000243)";    520.00000000000
"POINT (-117.263222558002028 32.84708023464303)";    521.00000000000
"POINT (-117.190904800737968 32.755193798203969)";    522.00000000000
"POINT (-117.185432459170556 32.751877662076737)";    523.00000000000
"POINT (-117.140881674155239 32.764010162116207)";    524.00000000000
"POINT (-117.100564230092985 32.750472423693502)";    525.00000000000
"POINT (-117.263591473240055 32.847672236765632)";    528.00000000000
"POINT (-117.230284461626908 32.729129102953394)";    529.00000000000
"POINT (-117.165507834120007 32.735296463667964)";    530.00000000000
"POINT (-117.147929771106945 32.761978084714379)";    531.00000000000
"POINT (-117.187732803919388 32.755843054603567)";    532.00000000000
"POINT (-117.250799033062506 32.73102071946095)";    533.00000000000
"POINT (-117.151928363312805 32.743306672500829)";    534.00000000000
"POINT (-117.168271112086558 32.734703611741551)";    535.00000000000
"POINT (-117.213962668517027 32.743081883305102)";    536.00000000000
"POINT (-117.166342082521908 32.727905713354573)";    537.00000000000
"POINT (-117.140464674109239 32.763627678701312)";    538.00000000000
"POINT (-117.123360230708045 32.737123771315133)";    539.00000000000
"POINT (-117.138665585408233 32.742665594198805)";    540.00000000000
"POINT (-117.278021830016826 32.834227999620921)";    542.00000000000
"POINT (-117.162224703982758 32.710996717954231)";    543.00000000000
"POINT (-117.267562692304381 32.845787230560916)";    545.00000000000
"POINT (-117.128707154530161 32.721099831310013)";    546.00000000000
"POINT (-117.130843214971648 32.722802382711748)";    547.00000000000
"POINT (-117.074642413725869 32.762960556219021)";    548.00000000000
"POINT (-117.132249288630021 32.739109043108961)";    549.00000000000
"POINT (-117.133280746662564 32.736870356129202)";    550.00000000000
"POINT (-117.132720392237971 32.733121841031476)";    551.00000000000
"POINT (-117.267492596582002 32.81705367206991)";    552.00000000000
"POINT (-117.18727093419416 32.753467055701961)";    553.00000000000
"POINT (-117.220300313757932 32.737390915417286)";    554.00000000000
"POINT (-117.216349775516449 32.745245581057056)";    555.00000000000
"POINT (-117.236719219318104 32.722227349111733)";    556.00000000000
"POINT (-117.183847529250329 32.750973476807445)";    557.00000000000
"POINT (-117.130697159877087 32.741412865086005)";    558.00000000000
"POINT (-117.18504807735566 32.753477247946236)";    559.00000000000
"POINT (-117.275625794745949 32.822870102584183)";    560.00000000000
"POINT (-117.250044645911473 32.746622908493968)";    561.00000000000
"POINT (-117.13673055066451 32.734525028171355)";    564.00000000000
"POINT (-117.247279704696155 32.745455458631653)";    565.00000000000
"POINT (-117.102016348164966 32.771454249405977)";    566.00000000000
"POINT (-117.162725293855814 32.73001526631478)";    567.00000000000
"POINT (-117.162724921016974 32.729875099528698)";    568.00000000000
"POINT (-117.108390290442159 32.774003168838533)";    569.00000000000
"POINT (-117.262207461537216 32.840895233139726)";    570.00000000000
"POINT (-117.131315350955816 32.726766321225078)";    571.00000000000
"POINT (-117.181072093104305 32.750569574587239)";    572.00000000000
"POINT (-117.218243492491069 32.743737444572524)";    573.00000000000
"POINT (-117.217125641217066 32.740951952077765)";    574.00000000000
"POINT (-117.216127748800602 32.743985129226338)";    575.00000000000
"POINT (-117.216907784955652 32.7411553548067)";    576.00000000000
"POINT (-117.218132050866274 32.741902568113453)";    577.00000000000
"POINT (-117.217037119894925 32.742147497142277)";    578.00000000000
"POINT (-117.217888179965939 32.743233339400383)";    579.00000000000
"POINT (-117.216592855275394 32.740970853057078)";    580.00000000000
"POINT (-117.169538897324998 32.715270493066093)";    354.00000000000
"POINT (-117.190988928346812 32.754517952525298)";    721.00000000000
"POINT (-117.154547840635928 32.743919761628668)";    722.00000000000
"POINT (-117.131780923742042 32.720090445705374)";    723.00000000000
"POINT (-117.135416974978639 32.743655197451474)";    724.00000000000
"POINT (-117.124970242397524 32.730995894110521)";    725.00000000000
"POINT (-117.248313267096805 32.718084991703527)";    112.00000000000
"POINT (-117.241659906509554 32.709803904001966)";    400.00000000000
"POINT (-117.21554149099363 32.749514874000582)";     48.00000000000
"";     59.00000000000
"POINT (-117.088835315312096 33.046093120772824)";     81.00000000000
"POINT (-117.210949677718645 32.907808915948685)";     87.00000000000
"POINT (-117.143848635216315 32.763361576459417)";    346.00000000000
"POINT (-116.700936195758942 32.627309409616693)";    322.00000000000
"POINT (-117.108043767333996 32.720044512806098)";    726.00000000000
"POINT (-117.154403490565258 32.715280622028729)";    727.00000000000
"POINT (-117.190193975383082 32.753786377479436)";    729.00000000000
"POINT (-117.182036425496591 32.752563677328006)";    730.00000000000
"POINT (-117.257024985513084 32.845307991942583)";    731.00000000000
"POINT (-117.165771377350609 32.745166556726964)";    732.00000000000
"POINT (-117.18547388549176 32.757633187227263)";    733.00000000000
"POINT (-117.178748859942388 32.753566253399534)";    735.00000000000
"POINT (-117.106582441079709 32.767901996674546)";    736.00000000000
"POINT (-117.166039466516764 32.730910758654709)";    737.00000000000
"POINT (-117.173899869801417 32.753476225120878)";    738.00000000000
"POINT (-117.100937050762425 32.77165153186359)";    739.00000000000
"POINT (-117.262648158196257 32.845730987432496)";    740.00000000000
"POINT (-117.222248939136819 32.742596396912852)";    741.00000000000
"POINT (-117.125707415780369 32.718298403509522)";    742.00000000000
"POINT (-117.241240366135202 32.711148320354951)";    715.00000000000
"POINT (-117.152471671845774 32.709005113742499)";    728.00000000000
"POINT (-117.142186209046713 32.709761058218575)";     58.00000000000
"POINT (-117.169464330974733 32.716743565526507)";     56.00000000000
"POINT (-117.16126253020397 32.710268391187824)";     95.00000000000
"POINT (-117.272712799472743 32.849709470971092)";    101.00000000000
"POINT (-117.272503742054752 32.849760016578067)";    101.00000000000
"POINT (-117.183951453716574 32.741830592468581)";    232.00000000000
"POINT (-117.217499145510644 32.741178128914576)";    605.00000000000
"POINT (-117.216329440304207 32.740809262280088)";    606.00000000000
"POINT (-117.213948896916676 32.743920493160999)";    607.00000000000
"POINT (-117.124976800257272 32.730857192667308)";    608.00000000000
"POINT (-117.133399739938383 32.733597129863227)";    609.00000000000
"POINT (-117.104335992394496 32.76855712333299)";    610.00000000000
"POINT (-117.18580015702365 32.755189286588745)";    611.00000000000
"POINT (-117.132699250006226 32.719813155694347)";    612.00000000000
"POINT (-117.181316244344629 32.751819798028805)";    712.00000000000
"POINT (-117.138076710506724 32.763117184337432)";    713.00000000000
"POINT (-117.153641222576496 32.742091427361906)";    714.00000000000
"POINT (-117.218045693080711 32.74367341061869)";    650.00000000000
"POINT (-117.213455410979876 32.743685420002279)";    651.00000000000
"POINT (-117.215704458394228 32.741006889825876)";    652.00000000000
"POINT (-117.156239987890743 32.717293798611074)";    654.00000000000
"POINT (-117.156825241282917 32.716019714372244)";    655.00000000000
"POINT (-117.155321152999903 32.716310086985573)";    656.00000000000
"POINT (-117.175657063907863 32.752101162576366)";    657.00000000000
"POINT (-117.155329331106856 32.717499785314558)";    659.00000000000
"POINT (-117.156811777773498 32.715327536319599)";    660.00000000000
"POINT (-117.155371284418464 32.714860226639637)";    661.00000000000
"POINT (-117.189899620053637 32.750658583317261)";    662.00000000000
"POINT (-117.188611888480608 32.756093853989753)";    663.00000000000
"POINT (-117.102922177590386 32.775748488595248)";    664.00000000000
"POINT (-117.158972889056301 32.716113506235452)";    665.00000000000
"POINT (-117.219019339234137 32.7387403343727)";    667.00000000000
"POINT (-117.102423044754303 32.766864235220474)";    668.00000000000
"POINT (-117.150818146984747 32.710740554302561)";    669.00000000000
"POINT (-117.163043790508354 32.742880426635317)";    670.00000000000
"POINT (-117.154916035225085 32.74454373623059)";    671.00000000000
"POINT (-117.180857513270496 32.754888051555419)";    672.00000000000
"POINT (-117.186967714173349 32.751750762555766)";    673.00000000000
"POINT (-117.187545279673088 32.755121812161875)";    674.00000000000
"POINT (-117.1399002207894 32.764079998112507)";    675.00000000000
"POINT (-117.144147210735085 32.742865715810183)";    676.00000000000
"POINT (-117.104324382828594 32.76719588192622)";    677.00000000000
"POINT (-117.256382566507654 32.851486939963628)";    678.00000000000
"POINT (-117.256653533483401 32.844613923283859)";    679.00000000000
"POINT (-117.187870915454184 32.754043077498274)";    680.00000000000
"POINT (-117.188252293569718 32.753591559997112)";    681.00000000000
"POINT (-117.156973014286322 32.714987932301575)";    683.00000000000
"POINT (-117.159578961142458 32.71854387132538)";    685.00000000000
"POINT (-117.185533177952593 32.755021276720285)";    686.00000000000
"POINT (-117.163348717663169 32.735941237450923)";    687.00000000000
"POINT (-117.275616211517701 32.826094091383702)";    688.00000000000
"POINT (-117.262927785572472 32.832920721244584)";    689.00000000000
"POINT (-117.100923979163809 32.760749688893426)";    690.00000000000
"POINT (-117.216495331067748 32.740025527896279)";    691.00000000000
"POINT (-117.279242074361093 32.833947032221189)";    692.00000000000
"POINT (-117.268340496196203 32.826620615855241)";    693.00000000000
"POINT (-117.188437341203098 32.753373045974989)";    694.00000000000
"POINT (-117.183148266399044 32.748071842468889)";    695.00000000000
"POINT (-117.186081636505108 32.755360484460304)";    696.00000000000
"POINT (-117.133182139764457 32.733603174231213)";    697.00000000000
"POINT (-117.181998476452961 32.754972378617047)";    698.00000000000
"POINT (-117.186835185402742 32.756870245667336)";    699.00000000000
"POINT (-117.159473498007429 32.707463385062546)";    700.00000000000
"POINT (-117.158786902243364 32.713864175382213)";    701.00000000000
"POINT (-117.196681207197145 32.958234305254074)";    317.00000000000
"POINT (-117.137946609525045 32.706555052378498)";    219.00000000000
"POINT (-117.244542358426855 32.688282576273302)";     19.00000000000
"POINT (-117.16227579676773 32.714345687770553)";     51.00000000000
"POINT (-117.153872392142063 32.727469648487933)";     60.00000000000
"POINT (-116.990107592347869 33.086426642227821)";     12.00000000000
"POINT (-117.240839662207449 32.671922435812583)";     17.00000000000
"POINT (-117.233218041452531 32.68626951237902)";     20.00000000000
"POINT (-117.25148726310033 32.771788833966554)";     90.00000000000
"POINT (-117.251917698719083 32.771052634754092)";     91.00000000000
"POINT (-117.252448097890166 32.7705336616566)";     89.00000000000
"POINT (-117.236124776068934 32.686230027064603)";     16.00000000000
"POINT (-117.236872724738646 32.706076570670973)";     22.00000000000
"POINT (-117.243179273679161 32.6797853482962)";     23.00000000000
"POINT (-117.240856480776543 32.680603366957243)";     27.00000000000
"POINT (-117.071591554912644 32.780500084363524)";     80.00000000000
"POINT (-117.163259315757571 32.704549767698119)";    105.00000000000
"POINT (-117.167772456994342 32.713111060581205)";      7.00000000000
"POINT (-117.158000566935897 32.710192804385265)";    716.00000000000
"POINT (-117.090877807426352 32.622712812897682)";    717.00000000000
"POINT (-117.239306450767359 32.71286114593088)";    718.00000000000
"POINT (-117.25251616632309 32.730037959593133)";    719.00000000000
"POINT (-117.133280649343547 32.734935749682485)";    720.00000000000
"POINT (-117.169424306735593 32.711912141209837)";     30.00000000000
"POINT (-117.15984427870626 32.712012488125623)";     74.00000000000
"POINT (-117.159869538267586 32.713788721517332)";     68.00000000000
"POINT (-117.142360206878394 32.69952710619345)";    143.00000000000
"POINT (-117.158003305779246 32.707886519892945)";    131.00000000000
"POINT (-117.161842959529579 32.713845248998958)";    140.00000000000
"POINT (-117.14910788869733 32.73146282268786)";      1.00000000000
"POINT (-117.043323655474637 32.839843997045506)";      2.00000000000
"POINT (-117.176894851200089 32.74879169576586)";      5.00000000000
"POINT (-117.129427433175834 32.938541303511911)";     75.00000000000
"POINT (-117.068723019012936 32.579369628998748)";     13.00000000000
"POINT (-117.112207367628898 32.5893140063367)";    640.00000000000
"POINT (-117.180891553679857 32.747642160881497)";    905.00000000000
"POINT (-117.187462963031876 32.755580985121362)";    906.00000000000
"POINT (-117.220059146463257 32.743093255516058)";    908.00000000000
"POINT (-117.136694430849431 32.751182440674782)";    909.00000000000
"POINT (-117.193141742850315 32.75599464975496)";    910.00000000000
"POINT (-117.223065036126002 32.805388143522585)";     31.00000000000
"POINT (-117.205817257376012 32.728953526959295)";     33.00000000000
"POINT (-117.166192213278237 32.738753079196506)";    116.00000000000
"POINT (-117.161387986875994 32.710269800131243)";    152.00000000000
"POINT (-117.277921964192785 32.84084883053346)";    353.00000000000
"POINT (-117.15621202473389 32.708581190421889)";    162.00000000000
"POINT (-117.165706674557995 32.732493996740224)";    106.00000000000
"POINT (-117.163656009348784 32.747447140545646)";    589.00000000000
"POINT (-117.147034403807083 32.746141781591028)";    481.00000000000
"POINT (-117.161949055815612 32.71405038304605)";    372.00000000000
"POINT (-117.153133609764069 32.709605110160297)";    378.00000000000
"POINT (-117.161715450006099 32.736595541242409)";    211.00000000000
"POINT (-117.163975693127014 32.734975634463638)";    320.00000000000
"POINT (-117.167677317961562 32.721678838136377)";    251.00000000000
"POINT (-117.278976374530231 32.828821547339686)";    117.00000000000
"POINT (-117.267681153360826 32.848270764157128)";    288.00000000000
"POINT (-117.154691104706473 32.730064727913131)";    441.00000000000
"POINT (-117.154834610904274 32.708877809602875)";    289.00000000000
"POINT (-117.166055884396698 32.711183343282229)";    225.00000000000
"POINT (-117.144947413751552 32.748461811458235)";    325.00000000000
"POINT (-116.958770607980128 33.085425436501247)";    185.00000000000
"POINT (-117.276960951259497 32.841174915408089)";    447.00000000000
"POINT (-117.044253855338624 32.552548576380879)";    451.00000000000
"POINT (-117.125820360510303 32.939262084791082)";    419.00000000000
"POINT (-117.157050898453818 32.725012422954883)";    235.00000000000
"POINT (-117.168513476548469 32.723168355921587)";    244.00000000000
"POINT (-117.206375327877808 32.744152180584031)";    249.00000000000
"POINT (-117.14586407906647 32.749893922382142)";    293.00000000000
"POINT (-117.244615166999566 32.839851417312836)";    295.00000000000
"POINT (-117.280866910460205 32.830015406628569)";    358.00000000000
"POINT (-117.158575464853612 32.722214924852707)";    303.00000000000
"POINT (-117.251143053890146 32.889911580577376)";    315.00000000000
"POINT (-117.27880100523204 32.841309865690803)";    324.00000000000
"POINT (-117.256021404885985 32.844663995943563)";    417.00000000000
"POINT (-117.156253118973865 32.71485236246486)";    328.00000000000
"POINT (-117.160408972744733 32.751432167174677)";    397.00000000000
"POINT (-117.261168492435687 32.847874946177413)";    866.00000000000
"POINT (-117.240345964362774 32.712929762499961)";    869.00000000000
"POINT (-117.162631952548864 32.730158318962893)";    870.00000000000
"POINT (-117.131738198472306 32.735482395372422)";    872.00000000000
"POINT (-117.123361541391901 32.73699629181727)";    873.00000000000
"POINT (-117.133208756198584 32.725329195616617)";    874.00000000000
"POINT (-117.167345285719449 32.739522807366697)";    875.00000000000
"POINT (-117.131679740057095 32.723626782189982)";    876.00000000000
"POINT (-117.184379909802544 32.742097130696315)";    232.00000000000
"POINT (-117.159880434890141 32.738476910401793)";    253.00000000000
"POINT (-117.165177803461447 32.722712716317979)";    254.00000000000
"POINT (-117.16778309515179 32.723835060631167)";    273.00000000000
"POINT (-117.168443910082729 32.72689226622817)";    276.00000000000
"POINT (-117.168301684094217 32.726934909106632)";    276.00000000000
"POINT (-117.275966425486416 32.847398286153279)";    294.00000000000
"POINT (-117.275860667183963 32.847457920277712)";    294.00000000000
"POINT (-117.275771164265706 32.847507047846179)";    294.00000000000
"POINT (-117.159645102217539 32.722371434649155)";    308.00000000000
"POINT (-117.159494797205596 32.722359410692924)";    308.00000000000
"POINT (-117.163347103074415 32.731023674005392)";    316.00000000000
"POINT (-117.15591193078869 32.715121954522253)";    329.00000000000
"POINT (-117.155932902818805 32.714979545534128)";    329.00000000000
"POINT (-117.163546912346121 32.751079023200639)";    418.00000000000
"POINT (-117.16777865036326 32.716057845477636)";    455.00000000000
"POINT (-117.187644383817926 32.754988879514706)";    541.00000000000
"POINT (-117.162442677942735 32.727022823829643)";    563.00000000000
"POINT (-117.162269472720752 32.727013348008974)";    563.00000000000
"POINT (-117.160608345442185 32.716947499602298)";    642.00000000000
"POINT (-117.158969286200815 32.717575240459063)";    653.00000000000
"POINT (-117.16441451882578 32.715953277439496)";    682.00000000000
"POINT (-117.164163845040392 32.715952020092907)";    682.00000000000
"POINT (-117.164012821362718 32.71596248629357)";    682.00000000000
"POINT (-117.158979870901462 32.717255389881601)";    684.00000000000
"POINT (-117.158979100740396 32.717180710564676)";    684.00000000000
"POINT (-117.162649976264163 32.720203967896289)";    110.00000000000
"POINT (-117.279410660925791 32.834238192726552)";    805.00000000000
"POINT (-117.189612558465996 32.755288375676415)";    806.00000000000
"POINT (-117.129860080574915 32.729180449788714)";    808.00000000000
"POINT (-117.129861012583234 32.729043676675381)";    809.00000000000
"POINT (-117.129861619237531 32.728904665563292)";    810.00000000000
"POINT (-117.159709426253741 32.733230582792771)";    811.00000000000
"POINT (-117.279049796815954 32.835043268301639)";    812.00000000000
"POINT (-117.260974026323609 32.8512410772327)";    813.00000000000
"POINT (-117.160969899183272 32.739162929454075)";    814.00000000000
"POINT (-117.182384270866493 32.750087538382147)";    815.00000000000
"POINT (-117.182227394547311 32.750938383260468)";    816.00000000000
"POINT (-117.17979951393373 32.752030162208854)";    817.00000000000
"POINT (-117.261583847591467 32.850139893603895)";    818.00000000000
"POINT (-117.151391637862446 32.711186429649516)";    819.00000000000
"POINT (-117.043410651502654 32.557628899738255)";    820.00000000000
"POINT (-117.177409582460726 32.752189698064697)";    823.00000000000
"POINT (-117.133282315262548 32.738098927340104)";    824.00000000000
"POINT (-117.146138275616366 32.715230669043599)";    825.00000000000
"POINT (-117.132275389291451 32.738743087483186)";    826.00000000000
"POINT (-117.279883122086204 32.835927396174036)";    829.00000000000
"POINT (-117.279634671376201 32.834802543066701)";    830.00000000000
"POINT (-117.184148615601728 32.754215655783206)";    831.00000000000
"POINT (-117.138742021464694 32.741146065772504)";    832.00000000000
"POINT (-117.161064384330189 32.739339974574527)";    828.00000000000
"POINT (-117.157106670515034 32.709228165618512)";    376.00000000000
"POINT (-117.167010825429458 32.737852822089891)";    894.00000000000
"POINT (-117.276020655431751 32.820932628657246)";    833.00000000000
"POINT (-117.145330696267592 32.75650116537814)";    834.00000000000
"POINT (-117.132680709447001 32.721703547109804)";    836.00000000000
"POINT (-117.161862520189075 32.737460103892559)";    837.00000000000
"POINT (-117.22051158983129 32.745078013925642)";    838.00000000000
"POINT (-117.134343804974563 32.742287618810103)";    839.00000000000
"POINT (-117.133398819916195 32.743506903784137)";    835.00000000000
"POINT (-116.993161859049778 32.570892982407209)";    409.00000000000
"POINT (-116.992095537499736 32.57072406093517)";    405.00000000000
"POINT (-116.987532363883304 32.569799660104295)";    407.00000000000
"POINT (-116.985402663995302 32.569812398173042)";    406.00000000000
"POINT (-116.986669523822172 32.569203681865936)";    410.00000000000
"POINT (-116.989280874575897 32.570189953727031)";    408.00000000000
"POINT (-117.166755983800144 32.713636363858029)";      6.00000000000
"POINT (-117.169159461644199 32.74602191727017)";    877.00000000000
"POINT (-117.265010231649129 32.84783106931414)";    878.00000000000
"POINT (-117.153161092018905 32.741573414735086)";    879.00000000000
"POINT (-117.131281848458826 32.74350409053951)";    880.00000000000
"POINT (-117.270697584060102 32.821061827170716)";    881.00000000000
"POINT (-117.277401134281504 32.821721540861795)";    882.00000000000
"POINT (-117.166349733327309 32.744956467501822)";    884.00000000000
"POINT (-117.216887441666259 32.739912338282608)";    886.00000000000
"POINT (-117.137130566277648 32.710846455070545)";    887.00000000000
"POINT (-117.176252230870986 32.752615824878298)";    888.00000000000
"POINT (-117.186319759546691 32.753450283912734)";    889.00000000000
"POINT (-117.131276561072028 32.747202591384493)";    890.00000000000
"POINT (-117.264891496511083 32.826734067095316)";    827.00000000000
"POINT (-117.18346157149378 32.753993129703275)";    895.00000000000
"POINT (-117.190807030801324 32.750886134029095)";    896.00000000000
"POINT (-117.279993125215995 32.832368086321615)";    892.00000000000
"POINT (-117.168590723676914 32.742673325237668)";    883.00000000000
"POINT (-117.262456607795883 32.849411610157674)";    891.00000000000
"POINT (-117.260563832634801 32.850896938031255)";    885.00000000000
"POINT (-117.234838310760239 32.916597955566225)";    897.00000000000
"POINT (-117.278525968000665 32.834273720222349)";    898.00000000000
"POINT (-117.073322634963588 32.761666658751352)";    899.00000000000
"POINT (-117.131521553273416 32.73771917289298)";    900.00000000000
"POINT (-117.16333992698155 32.733250178015027)";    901.00000000000
"POINT (-117.267239911058269 32.845369272417564)";    902.00000000000
"POINT (-117.131408443482968 32.725110166493714)";    903.00000000000
"POINT (-117.152642711256348 32.742559458712932)";    904.00000000000
"POINT (161.859989589446627 -90.0)";      0.00000000000
"POINT (161.859989589446627 -90.0)";      0.00000000000
"POINT (161.859989589446627 -90.0)";      0.00000000000
"POINT (-117.154219894986056 32.748091393903074)";    940.00000000000
"POINT (-117.270149431113225 32.846985318069457)";    941.00000000000
"POINT (-117.222468176278625 32.738179671749855)";    919.00000000000
"POINT (-117.176564897716844 32.743377074534166)";    911.00000000000
"POINT (-117.224621209392922 32.735812171759115)";    912.00000000000
"POINT (-117.10020619289719 32.761994206745122)";    913.00000000000
"POINT (-117.247244370545431 32.725957200885844)";    914.00000000000
"POINT (-117.274360669205564 32.849825593083551)";    915.00000000000
"POINT (-117.150389599639126 32.743624572151738)";    917.00000000000
"POINT (-117.131806181470395 32.728842249822044)";    918.00000000000
"POINT (-117.185791090107088 32.749860549787073)";    920.00000000000
"POINT (-117.1223705056114 32.737859927648337)";    921.00000000000
"POINT (-117.165434762883592 32.72898498408604)";    922.00000000000
"POINT (-117.181031946117557 32.754887579827525)";    923.00000000000
"POINT (-117.103299394103431 32.764904701420754)";    925.00000000000
"POINT (-117.094068514083943 32.761672642958807)";    926.00000000000
"POINT (-117.260852048853536 32.841531131851568)";    927.00000000000
"POINT (-117.219772365022692 32.745352568804485)";    928.00000000000
"POINT (-117.17201629654204 32.748500024741411)";    929.00000000000
"POINT (-117.188184432583526 32.755303911952964)";    930.00000000000
"POINT (-117.130683274628197 32.744061335697339)";    931.00000000000
"POINT (-117.167022225485795 32.739310205328216)";    932.00000000000
"POINT (-117.187462744197433 32.755239885004698)";    933.00000000000
"POINT (-117.191297535373536 32.755119103667006)";    934.00000000000
"POINT (-117.072598900890398 32.757388024638388)";    935.00000000000
"POINT (-117.149501687260411 32.744042016291949)";    936.00000000000
"POINT (-117.188809273455021 32.753789454208466)";    937.00000000000
"POINT (-117.15971004814341 32.735815587582472)";    938.00000000000
"POINT (-117.161273428473265 32.750802555391068)";    939.00000000000
